Country,Category,Description,Units,Year,Month,Quantity,Value,M2
Bangladesh,338,"Doz M&B KNIT SHIRTS, COTTON",DOZ,2025,1,3129411,86321373,18776466
Bangladesh,338,"Doz M&B KNIT SHIRTS, COTTON",DOZ,2025,2,3477346,89223484,20864076
Bangladesh,338,"Doz M&B KNIT SHIRTS, COTTON",DOZ,2025,3,3590744,90256311,21544464
China,338,"Doz M&B KNIT SHIRTS, COTTON",DOZ,2025,1,1449565,56208824,8697390
China,338,"Doz M&B KNIT SHIRTS, COTTON",DOZ,2025,2,1113877,37115455,6683262
China,338,"Doz M&B KNIT SHIRTS, COTTON",DOZ,2025,3,802494,26883576,4814964
Honduras,338,"Doz M&B KNIT SHIRTS, COTTON",DOZ,2025,1,1295306,37099615,7771836
Honduras,338,"Doz M&B KNIT SHIRTS, COTTON",DOZ,2025,2,1798454,52468090,10790724
Honduras,338,"Doz M&B KNIT SHIRTS, COTTON",DOZ,2025,3,2587403,72321595,15524418
India,338,"Doz M&B KNIT SHIRTS, COTTON",DOZ,2025,1,1959738,68456904,11758428
India,338,"Doz M&B KNIT SHIRTS, COTTON",DOZ,2025,2,1886683,63869513,11320098
India,338,"Doz M&B KNIT SHIRTS, COTTON",DOZ,2025,3,2175921,71323844,13055526
Nicaragua,338,"Doz M&B KNIT SHIRTS, COTTON",DOZ,2025,1,1914810,42557707,11488860
Nicaragua,338,"Doz M&B KNIT SHIRTS, COTTON",DOZ,2025,2,1595222,34458736,9571332
Nicaragua,338,"Doz M&B KNIT SHIRTS, COTTON",DOZ,2025,3,2402862,51941418,14417172
Vietnam,338,"Doz M&B KNIT SHIRTS, COTTON",DOZ,2025,1,1425956,77469235,8555736
Vietnam,338,"Doz M&B KNIT SHIRTS, COTTON",DOZ,2025,2,1141511,56398815,6849066
Vietnam,338,"Doz M&B KNIT SHIRTS, COTTON",DOZ,2025,3,1533575,76461523,9201450
Bangladesh,338,"Doz M&B KNIT SHIRTS, COTTON",DOZ,2024,1,1970003,55226538,11820018
Bangladesh,338,"Doz M&B KNIT SHIRTS, COTTON",DOZ,2024,2,2118482,56429708,12710892
Bangladesh,338,"Doz M&B KNIT SHIRTS, COTTON",DOZ,2024,3,2100738,57817618,12604428
Bangladesh,338,"Doz M&B KNIT SHIRTS, COTTON",DOZ,2024,4,2553363,63405335,15320178
Bangladesh,338,"Doz M&B KNIT SHIRTS, COTTON",DOZ,2024,5,2849209,71136100,17095254
Bangladesh,338,"Doz M&B KNIT SHIRTS, COTTON",DOZ,2024,6,1626059,43085981,9756354
Bangladesh,338,"Doz M&B KNIT SHIRTS, COTTON",DOZ,2024,7,3190738,85717805,19144428
Bangladesh,338,"Doz M&B KNIT SHIRTS, COTTON",DOZ,2024,8,2141192,61679118,12847152
Bangladesh,338,"Doz M&B KNIT SHIRTS, COTTON",DOZ,2024,9,2154689,71488326,12928134
Bangladesh,338,"Doz M&B KNIT SHIRTS, COTTON",DOZ,2024,10,2616430,81515394,15698580
Bangladesh,338,"Doz M&B KNIT SHIRTS, COTTON",DOZ,2024,11,2564013,74019599,15384078
Bangladesh,338,"Doz M&B KNIT SHIRTS, COTTON",DOZ,2024,12,2938683,78269477,17632098
China,338,"Doz M&B KNIT SHIRTS, COTTON",DOZ,2024,1,1587308,45629370,9523848
China,338,"Doz M&B KNIT SHIRTS, COTTON",DOZ,2024,2,1058687,30559484,6352122
China,338,"Doz M&B KNIT SHIRTS, COTTON",DOZ,2024,3,801430,26757145,4808580
China,338,"Doz M&B KNIT SHIRTS, COTTON",DOZ,2024,4,769102,24488765,4614612
China,338,"Doz M&B KNIT SHIRTS, COTTON",DOZ,2024,5,1294558,34165085,7767348
China,338,"Doz M&B KNIT SHIRTS, COTTON",DOZ,2024,6,1404971,50368646,8429826
China,338,"Doz M&B KNIT SHIRTS, COTTON",DOZ,2024,7,1585484,64846025,9512904
China,338,"Doz M&B KNIT SHIRTS, COTTON",DOZ,2024,8,1488465,53843190,8930790
China,338,"Doz M&B KNIT SHIRTS, COTTON",DOZ,2024,9,1551316,57231644,9307896
China,338,"Doz M&B KNIT SHIRTS, COTTON",DOZ,2024,10,1382417,55186904,8294502
China,338,"Doz M&B KNIT SHIRTS, COTTON",DOZ,2024,11,1217933,45234158,7307598
China,338,"Doz M&B KNIT SHIRTS, COTTON",DOZ,2024,12,1145338,44711309,6872028
Honduras,338,"Doz M&B KNIT SHIRTS, COTTON",DOZ,2024,1,1802011,55871151,10812066
Honduras,338,"Doz M&B KNIT SHIRTS, COTTON",DOZ,2024,2,2204539,66138921,13227234
Honduras,338,"Doz M&B KNIT SHIRTS, COTTON",DOZ,2024,3,2143184,61556820,12859104
Honduras,338,"Doz M&B KNIT SHIRTS, COTTON",DOZ,2024,4,1924230,59720847,11545380
Honduras,338,"Doz M&B KNIT SHIRTS, COTTON",DOZ,2024,5,2241097,69793100,13446582
Honduras,338,"Doz M&B KNIT SHIRTS, COTTON",DOZ,2024,6,2018941,62587536,12113646
Honduras,338,"Doz M&B KNIT SHIRTS, COTTON",DOZ,2024,7,2052802,64057455,12316812
Honduras,338,"Doz M&B KNIT SHIRTS, COTTON",DOZ,2024,8,2297372,68616857,13784232
Honduras,338,"Doz M&B KNIT SHIRTS, COTTON",DOZ,2024,9,2188325,66680244,13129950
Honduras,338,"Doz M&B KNIT SHIRTS, COTTON",DOZ,2024,10,2070605,62079022,12423630
Honduras,338,"Doz M&B KNIT SHIRTS, COTTON",DOZ,2024,11,2150846,61552142,12905076
Honduras,338,"Doz M&B KNIT SHIRTS, COTTON",DOZ,2024,12,2481781,70600738,14890686
India,338,"Doz M&B KNIT SHIRTS, COTTON",DOZ,2024,1,1228852,44098105,7373112
India,338,"Doz M&B KNIT SHIRTS, COTTON",DOZ,2024,2,1613657,55217646,9681942
India,338,"Doz M&B KNIT SHIRTS, COTTON",DOZ,2024,3,1716636,57935156,10299816
India,338,"Doz M&B KNIT SHIRTS, COTTON",DOZ,2024,4,1834663,62288058,11007978
India,338,"Doz M&B KNIT SHIRTS, COTTON",DOZ,2024,5,2233560,69399001,13401360
India,338,"Doz M&B KNIT SHIRTS, COTTON",DOZ,2024,6,1795220,60278478,10771320
India,338,"Doz M&B KNIT SHIRTS, COTTON",DOZ,2024,7,1820049,67981976,10920294
India,338,"Doz M&B KNIT SHIRTS, COTTON",DOZ,2024,8,1714282,63545266,10285692
India,338,"Doz M&B KNIT SHIRTS, COTTON",DOZ,2024,9,2122406,79538331,12734436
India,338,"Doz M&B KNIT SHIRTS, COTTON",DOZ,2024,10,2286162,83837498,13716972
India,338,"Doz M&B KNIT SHIRTS, COTTON",DOZ,2024,11,1548764,57514118,9292584
India,338,"Doz M&B KNIT SHIRTS, COTTON",DOZ,2024,12,1466409,49723558,8798454
Nicaragua,338,"Doz M&B KNIT SHIRTS, COTTON",DOZ,2024,1,1700143,38131728,10200858
Nicaragua,338,"Doz M&B KNIT SHIRTS, COTTON",DOZ,2024,2,1845144,39099702,11070864
Nicaragua,338,"Doz M&B KNIT SHIRTS, COTTON",DOZ,2024,3,2004849,40715162,12029094
Nicaragua,338,"Doz M&B KNIT SHIRTS, COTTON",DOZ,2024,4,1747096,37258827,10482576
Nicaragua,338,"Doz M&B KNIT SHIRTS, COTTON",DOZ,2024,5,1800016,36815964,10800096
Nicaragua,338,"Doz M&B KNIT SHIRTS, COTTON",DOZ,2024,6,1394396,30525246,8366376
Nicaragua,338,"Doz M&B KNIT SHIRTS, COTTON",DOZ,2024,7,1431821,33141727,8590926
Nicaragua,338,"Doz M&B KNIT SHIRTS, COTTON",DOZ,2024,8,1951973,42101665,11711838
Nicaragua,338,"Doz M&B KNIT SHIRTS, COTTON",DOZ,2024,9,2022296,45605186,12133776
Nicaragua,338,"Doz M&B KNIT SHIRTS, COTTON",DOZ,2024,10,2458926,53752796,14753556
Nicaragua,338,"Doz M&B KNIT SHIRTS, COTTON",DOZ,2024,11,2079381,47202496,12476286
Nicaragua,338,"Doz M&B KNIT SHIRTS, COTTON",DOZ,2024,12,2422473,50830724,14534838
Vietnam,338,"Doz M&B KNIT SHIRTS, COTTON",DOZ,2024,1,1057020,52620751,6342120
Vietnam,338,"Doz M&B KNIT SHIRTS, COTTON",DOZ,2024,2,1251658,49981425,7509948
Vietnam,338,"Doz M&B KNIT SHIRTS, COTTON",DOZ,2024,3,1159017,51354963,6954102
Vietnam,338,"Doz M&B KNIT SHIRTS, COTTON",DOZ,2024,4,982639,48719599,5895834
Vietnam,338,"Doz M&B KNIT SHIRTS, COTTON",DOZ,2024,5,1626094,69855283,9756564
Vietnam,338,"Doz M&B KNIT SHIRTS, COTTON",DOZ,2024,6,1365921,71251331,8195526
Vietnam,338,"Doz M&B KNIT SHIRTS, COTTON",DOZ,2024,7,1889169,92794383,11335014
Vietnam,338,"Doz M&B KNIT SHIRTS, COTTON",DOZ,2024,8,1443004,91235493,8658024
Vietnam,338,"Doz M&B KNIT SHIRTS, COTTON",DOZ,2024,9,1882478,106839369,11294868
Vietnam,338,"Doz M&B KNIT SHIRTS, COTTON",DOZ,2024,10,1682159,105721425,10092954
Vietnam,338,"Doz M&B KNIT SHIRTS, COTTON",DOZ,2024,11,1423825,78292012,8542950
Vietnam,338,"Doz M&B KNIT SHIRTS, COTTON",DOZ,2024,12,1243173,72586235,7459038
Bangladesh,338,"Doz M&B KNIT SHIRTS, COTTON",DOZ,2023,1,2275763,70616047,13654578
Bangladesh,338,"Doz M&B KNIT SHIRTS, COTTON",DOZ,2023,2,1555006,48334836,9330036
Bangladesh,338,"Doz M&B KNIT SHIRTS, COTTON",DOZ,2023,3,1665779,51893141,9994674
Bangladesh,338,"Doz M&B KNIT SHIRTS, COTTON",DOZ,2023,4,1838422,54789352,11030532
Bangladesh,338,"Doz M&B KNIT SHIRTS, COTTON",DOZ,2023,5,1857730,56223475,11146380
Bangladesh,338,"Doz M&B KNIT SHIRTS, COTTON",DOZ,2023,6,1459624,46623762,8757744
Bangladesh,338,"Doz M&B KNIT SHIRTS, COTTON",DOZ,2023,7,2134481,71585395,12806886
Bangladesh,338,"Doz M&B KNIT SHIRTS, COTTON",DOZ,2023,8,1759725,56940642,10558350
Bangladesh,338,"Doz M&B KNIT SHIRTS, COTTON",DOZ,2023,9,1551144,53504379,9306864
Bangladesh,338,"Doz M&B KNIT SHIRTS, COTTON",DOZ,2023,10,1966787,58780593,11800722
Bangladesh,338,"Doz M&B KNIT SHIRTS, COTTON",DOZ,2023,11,1840868,54096639,11045208
Bangladesh,338,"Doz M&B KNIT SHIRTS, COTTON",DOZ,2023,12,1828273,49342304,10969638
China,338,"Doz M&B KNIT SHIRTS, COTTON",DOZ,2023,1,1027564,40146554,6165384
China,338,"Doz M&B KNIT SHIRTS, COTTON",DOZ,2023,2,794874,28083499,4769244
China,338,"Doz M&B KNIT SHIRTS, COTTON",DOZ,2023,3,822937,27170291,4937622
China,338,"Doz M&B KNIT SHIRTS, COTTON",DOZ,2023,4,899272,30606295,5395632
China,338,"Doz M&B KNIT SHIRTS, COTTON",DOZ,2023,5,1273413,37290964,7640478
China,338,"Doz M&B KNIT SHIRTS, COTTON",DOZ,2023,6,1356051,45873335,8136306
China,338,"Doz M&B KNIT SHIRTS, COTTON",DOZ,2023,7,1404919,54502949,8429514
China,338,"Doz M&B KNIT SHIRTS, COTTON",DOZ,2023,8,1278261,50863420,7669566
China,338,"Doz M&B KNIT SHIRTS, COTTON",DOZ,2023,9,1334050,50261143,8004300
China,338,"Doz M&B KNIT SHIRTS, COTTON",DOZ,2023,10,972407,41793469,5834442
China,338,"Doz M&B KNIT SHIRTS, COTTON",DOZ,2023,11,831400,30285024,4988400
China,338,"Doz M&B KNIT SHIRTS, COTTON",DOZ,2023,12,929337,36522800,5576022
Honduras,338,"Doz M&B KNIT SHIRTS, COTTON",DOZ,2023,1,1171755,36438384,7030530
Honduras,338,"Doz M&B KNIT SHIRTS, COTTON",DOZ,2023,2,2137798,62823556,12826788
Honduras,338,"Doz M&B KNIT SHIRTS, COTTON",DOZ,2023,3,2389372,69068819,14336232
Honduras,338,"Doz M&B KNIT SHIRTS, COTTON",DOZ,2023,4,1632702,48194397,9796212
Honduras,338,"Doz M&B KNIT SHIRTS, COTTON",DOZ,2023,5,2689172,81085328,16135032
Honduras,338,"Doz M&B KNIT SHIRTS, COTTON",DOZ,2023,6,2486251,71960807,14917506
Honduras,338,"Doz M&B KNIT SHIRTS, COTTON",DOZ,2023,7,2018097,60738412,12108582
Honduras,338,"Doz M&B KNIT SHIRTS, COTTON",DOZ,2023,8,2197007,64705838,13182042
Honduras,338,"Doz M&B KNIT SHIRTS, COTTON",DOZ,2023,9,2016324,64160472,12097944
Honduras,338,"Doz M&B KNIT SHIRTS, COTTON",DOZ,2023,10,1975957,65139786,11855742
Honduras,338,"Doz M&B KNIT SHIRTS, COTTON",DOZ,2023,11,1935913,60106602,11615478
Honduras,338,"Doz M&B KNIT SHIRTS, COTTON",DOZ,2023,12,2133385,66424687,12800310
India,338,"Doz M&B KNIT SHIRTS, COTTON",DOZ,2023,1,1570464,70141005,9422784
India,338,"Doz M&B KNIT SHIRTS, COTTON",DOZ,2023,2,1312291,50922504,7873746
India,338,"Doz M&B KNIT SHIRTS, COTTON",DOZ,2023,3,1657975,67349786,9947850
India,338,"Doz M&B KNIT SHIRTS, COTTON",DOZ,2023,4,1429331,55243723,8575986
India,338,"Doz M&B KNIT SHIRTS, COTTON",DOZ,2023,5,1488533,54281314,8931198
India,338,"Doz M&B KNIT SHIRTS, COTTON",DOZ,2023,6,1713765,64901131,10282590
India,338,"Doz M&B KNIT SHIRTS, COTTON",DOZ,2023,7,1861517,74647745,11169102
India,338,"Doz M&B KNIT SHIRTS, COTTON",DOZ,2023,8,1592108,57844313,9552648
India,338,"Doz M&B KNIT SHIRTS, COTTON",DOZ,2023,9,1456348,57884924,8738088
India,338,"Doz M&B KNIT SHIRTS, COTTON",DOZ,2023,10,1380102,53301809,8280612
India,338,"Doz M&B KNIT SHIRTS, COTTON",DOZ,2023,11,963492,36806171,5780952
India,338,"Doz M&B KNIT SHIRTS, COTTON",DOZ,2023,12,1199009,43225508,7194054
Nicaragua,338,"Doz M&B KNIT SHIRTS, COTTON",DOZ,2023,1,1681851,37556637,10091106
Nicaragua,338,"Doz M&B KNIT SHIRTS, COTTON",DOZ,2023,2,1544695,30386819,9268170
Nicaragua,338,"Doz M&B KNIT SHIRTS, COTTON",DOZ,2023,3,1828031,36114627,10968186
Nicaragua,338,"Doz M&B KNIT SHIRTS, COTTON",DOZ,2023,4,1011055,21693267,6066330
Nicaragua,338,"Doz M&B KNIT SHIRTS, COTTON",DOZ,2023,5,1202271,28849142,7213626
Nicaragua,338,"Doz M&B KNIT SHIRTS, COTTON",DOZ,2023,6,1800756,37568526,10804536
Nicaragua,338,"Doz M&B KNIT SHIRTS, COTTON",DOZ,2023,7,1767569,37552377,10605414
Nicaragua,338,"Doz M&B KNIT SHIRTS, COTTON",DOZ,2023,8,1811345,39184182,10868070
Nicaragua,338,"Doz M&B KNIT SHIRTS, COTTON",DOZ,2023,9,1947898,41303117,11687388
Nicaragua,338,"Doz M&B KNIT SHIRTS, COTTON",DOZ,2023,10,1803642,38769453,10821852
Nicaragua,338,"Doz M&B KNIT SHIRTS, COTTON",DOZ,2023,11,1712975,36141083,10277850
Nicaragua,338,"Doz M&B KNIT SHIRTS, COTTON",DOZ,2023,12,1488877,34987077,8933262
Vietnam,338,"Doz M&B KNIT SHIRTS, COTTON",DOZ,2023,1,1268103,68723205,7608618
Vietnam,338,"Doz M&B KNIT SHIRTS, COTTON",DOZ,2023,2,975966,53470188,5855796
Vietnam,338,"Doz M&B KNIT SHIRTS, COTTON",DOZ,2023,3,1073081,54392313,6438486
Vietnam,338,"Doz M&B KNIT SHIRTS, COTTON",DOZ,2023,4,1017106,53985732,6102636
Vietnam,338,"Doz M&B KNIT SHIRTS, COTTON",DOZ,2023,5,1435834,82033178,8615004
Vietnam,338,"Doz M&B KNIT SHIRTS, COTTON",DOZ,2023,6,1145489,77693479,6872934
Vietnam,338,"Doz M&B KNIT SHIRTS, COTTON",DOZ,2023,7,1568324,94254839,9409944
Vietnam,338,"Doz M&B KNIT SHIRTS, COTTON",DOZ,2023,8,1614586,108906315,9687516
Vietnam,338,"Doz M&B KNIT SHIRTS, COTTON",DOZ,2023,9,1362476,84021338,8174856
Vietnam,338,"Doz M&B KNIT SHIRTS, COTTON",DOZ,2023,10,1240293,74806136,7441758
Vietnam,338,"Doz M&B KNIT SHIRTS, COTTON",DOZ,2023,11,1011941,61736973,6071646
Vietnam,338,"Doz M&B KNIT SHIRTS, COTTON",DOZ,2023,12,922914,50563300,5537484
Bangladesh,338,"Doz M&B KNIT SHIRTS, COTTON",DOZ,2022,1,2277488,62410497,13664928
Bangladesh,338,"Doz M&B KNIT SHIRTS, COTTON",DOZ,2022,2,2443940,68790731,14663640
Bangladesh,338,"Doz M&B KNIT SHIRTS, COTTON",DOZ,2022,3,3316603,96110872,19899618
Bangladesh,338,"Doz M&B KNIT SHIRTS, COTTON",DOZ,2022,4,3000841,81080934,18005046
Bangladesh,338,"Doz M&B KNIT SHIRTS, COTTON",DOZ,2022,5,2879211,80989393,17275266
Bangladesh,338,"Doz M&B KNIT SHIRTS, COTTON",DOZ,2022,6,2975792,87600215,17854752
Bangladesh,338,"Doz M&B KNIT SHIRTS, COTTON",DOZ,2022,7,2111397,71424257,12668382
Bangladesh,338,"Doz M&B KNIT SHIRTS, COTTON",DOZ,2022,8,2868739,95717844,17212434
Bangladesh,338,"Doz M&B KNIT SHIRTS, COTTON",DOZ,2022,9,2324921,86261463,13949526
Bangladesh,338,"Doz M&B KNIT SHIRTS, COTTON",DOZ,2022,10,2254411,84787234,13526466
Bangladesh,338,"Doz M&B KNIT SHIRTS, COTTON",DOZ,2022,11,1630719,56764970,9784314
Bangladesh,338,"Doz M&B KNIT SHIRTS, COTTON",DOZ,2022,12,1994177,67872169,11965062
China,338,"Doz M&B KNIT SHIRTS, COTTON",DOZ,2022,1,1639522,64020381,9837132
China,338,"Doz M&B KNIT SHIRTS, COTTON",DOZ,2022,2,1647942,53706131,9887652
China,338,"Doz M&B KNIT SHIRTS, COTTON",DOZ,2022,3,1484653,56547121,8907918
China,338,"Doz M&B KNIT SHIRTS, COTTON",DOZ,2022,4,1140568,41894197,6843408
China,338,"Doz M&B KNIT SHIRTS, COTTON",DOZ,2022,5,1459501,55871987,8757006
China,338,"Doz M&B KNIT SHIRTS, COTTON",DOZ,2022,6,1872893,77358715,11237358
China,338,"Doz M&B KNIT SHIRTS, COTTON",DOZ,2022,7,1907768,90479851,11446608
China,338,"Doz M&B KNIT SHIRTS, COTTON",DOZ,2022,8,1766739,91780608,10600434
China,338,"Doz M&B KNIT SHIRTS, COTTON",DOZ,2022,9,1386351,73325364,8318106
China,338,"Doz M&B KNIT SHIRTS, COTTON",DOZ,2022,10,924300,49140205,5545800
China,338,"Doz M&B KNIT SHIRTS, COTTON",DOZ,2022,11,877716,34561254,5266296
China,338,"Doz M&B KNIT SHIRTS, COTTON",DOZ,2022,12,964287,38602221,5785722
Honduras,338,"Doz M&B KNIT SHIRTS, COTTON",DOZ,2022,1,1536191,43676065,9217146
Honduras,338,"Doz M&B KNIT SHIRTS, COTTON",DOZ,2022,2,2092664,60156499,12555984
Honduras,338,"Doz M&B KNIT SHIRTS, COTTON",DOZ,2022,3,2839559,79293014,17037354
Honduras,338,"Doz M&B KNIT SHIRTS, COTTON",DOZ,2022,4,2239937,65349261,13439622
Honduras,338,"Doz M&B KNIT SHIRTS, COTTON",DOZ,2022,5,2720655,78744435,16323930
Honduras,338,"Doz M&B KNIT SHIRTS, COTTON",DOZ,2022,6,2944507,88037317,17667042
Honduras,338,"Doz M&B KNIT SHIRTS, COTTON",DOZ,2022,7,2663772,82726427,15982632
Honduras,338,"Doz M&B KNIT SHIRTS, COTTON",DOZ,2022,8,2918574,92713332,17511444
Honduras,338,"Doz M&B KNIT SHIRTS, COTTON",DOZ,2022,9,2991946,94739995,17951676
Honduras,338,"Doz M&B KNIT SHIRTS, COTTON",DOZ,2022,10,2651970,87335193,15911820
Honduras,338,"Doz M&B KNIT SHIRTS, COTTON",DOZ,2022,11,3065903,94722663,18395418
Honduras,338,"Doz M&B KNIT SHIRTS, COTTON",DOZ,2022,12,2593532,76837320,15561192
India,338,"Doz M&B KNIT SHIRTS, COTTON",DOZ,2022,1,1576090,61335747,9456540
India,338,"Doz M&B KNIT SHIRTS, COTTON",DOZ,2022,2,1591486,58670901,9548916
India,338,"Doz M&B KNIT SHIRTS, COTTON",DOZ,2022,3,2663610,95431875,15981660
India,338,"Doz M&B KNIT SHIRTS, COTTON",DOZ,2022,4,2350689,79152477,14104134
India,338,"Doz M&B KNIT SHIRTS, COTTON",DOZ,2022,5,2156611,78022191,12939666
India,338,"Doz M&B KNIT SHIRTS, COTTON",DOZ,2022,6,1876083,72854596,11256498
India,338,"Doz M&B KNIT SHIRTS, COTTON",DOZ,2022,7,2085612,88457539,12513672
India,338,"Doz M&B KNIT SHIRTS, COTTON",DOZ,2022,8,1502619,68322669,9015714
India,338,"Doz M&B KNIT SHIRTS, COTTON",DOZ,2022,9,1672577,74046058,10035462
India,338,"Doz M&B KNIT SHIRTS, COTTON",DOZ,2022,10,1441146,62291311,8646876
India,338,"Doz M&B KNIT SHIRTS, COTTON",DOZ,2022,11,1220868,50519089,7325208
India,338,"Doz M&B KNIT SHIRTS, COTTON",DOZ,2022,12,1378101,61049829,8268606
Nicaragua,338,"Doz M&B KNIT SHIRTS, COTTON",DOZ,2022,1,1419899,30706094,8519394
Nicaragua,338,"Doz M&B KNIT SHIRTS, COTTON",DOZ,2022,2,1398715,29066716,8392290
Nicaragua,338,"Doz M&B KNIT SHIRTS, COTTON",DOZ,2022,3,1655159,34010995,9930954
Nicaragua,338,"Doz M&B KNIT SHIRTS, COTTON",DOZ,2022,4,1405670,33501505,8434020
Nicaragua,338,"Doz M&B KNIT SHIRTS, COTTON",DOZ,2022,5,1406047,30338486,8436282
Nicaragua,338,"Doz M&B KNIT SHIRTS, COTTON",DOZ,2022,6,1581184,37743380,9487104
Nicaragua,338,"Doz M&B KNIT SHIRTS, COTTON",DOZ,2022,7,1579146,39287664,9474876
Nicaragua,338,"Doz M&B KNIT SHIRTS, COTTON",DOZ,2022,8,1510302,59284691,9061812
Nicaragua,338,"Doz M&B KNIT SHIRTS, COTTON",DOZ,2022,9,2016018,59228102,12096108
Nicaragua,338,"Doz M&B KNIT SHIRTS, COTTON",DOZ,2022,10,1748878,39277762,10493268
Nicaragua,338,"Doz M&B KNIT SHIRTS, COTTON",DOZ,2022,11,1963455,42762775,11780730
Nicaragua,338,"Doz M&B KNIT SHIRTS, COTTON",DOZ,2022,12,2174564,53694160,13047384
Vietnam,338,"Doz M&B KNIT SHIRTS, COTTON",DOZ,2022,1,1308495,72141002,7850970
Vietnam,338,"Doz M&B KNIT SHIRTS, COTTON",DOZ,2022,2,1453804,73935432,8722824
Vietnam,338,"Doz M&B KNIT SHIRTS, COTTON",DOZ,2022,3,1831076,101596284,10986456
Vietnam,338,"Doz M&B KNIT SHIRTS, COTTON",DOZ,2022,4,1748287,109709676,10489722
Vietnam,338,"Doz M&B KNIT SHIRTS, COTTON",DOZ,2022,5,1717855,108272243,10307130
Vietnam,338,"Doz M&B KNIT SHIRTS, COTTON",DOZ,2022,6,1687214,111395276,10123284
Vietnam,338,"Doz M&B KNIT SHIRTS, COTTON",DOZ,2022,7,1967554,124313593,11805324
Vietnam,338,"Doz M&B KNIT SHIRTS, COTTON",DOZ,2022,8,1805364,133957667,10832184
Vietnam,338,"Doz M&B KNIT SHIRTS, COTTON",DOZ,2022,9,1875593,135785669,11253558
Vietnam,338,"Doz M&B KNIT SHIRTS, COTTON",DOZ,2022,10,1263600,95670570,7581600
Vietnam,338,"Doz M&B KNIT SHIRTS, COTTON",DOZ,2022,11,972322,64176802,5833932
Vietnam,338,"Doz M&B KNIT SHIRTS, COTTON",DOZ,2022,12,945034,58749610,5670204
Bangladesh,338,"Doz M&B KNIT SHIRTS, COTTON",DOZ,2021,1,1413479,35745806,8480874
Bangladesh,338,"Doz M&B KNIT SHIRTS, COTTON",DOZ,2021,2,1659959,35342407,9959754
Bangladesh,338,"Doz M&B KNIT SHIRTS, COTTON",DOZ,2021,3,1739006,38688165,10434036
Bangladesh,338,"Doz M&B KNIT SHIRTS, COTTON",DOZ,2021,4,1511078,37525763,9066468
Bangladesh,338,"Doz M&B KNIT SHIRTS, COTTON",DOZ,2021,5,2075583,51166944,12453498
Bangladesh,338,"Doz M&B KNIT SHIRTS, COTTON",DOZ,2021,6,2152606,55182947,12915636
Bangladesh,338,"Doz M&B KNIT SHIRTS, COTTON",DOZ,2021,7,1787525,52562719,10725150
Bangladesh,338,"Doz M&B KNIT SHIRTS, COTTON",DOZ,2021,8,1949637,57575393,11697822
Bangladesh,338,"Doz M&B KNIT SHIRTS, COTTON",DOZ,2021,9,2224504,63232197,13347024
Bangladesh,338,"Doz M&B KNIT SHIRTS, COTTON",DOZ,2021,10,1941283,63486030,11647698
Bangladesh,338,"Doz M&B KNIT SHIRTS, COTTON",DOZ,2021,11,2281120,68738562,13686720
Bangladesh,338,"Doz M&B KNIT SHIRTS, COTTON",DOZ,2021,12,2859058,76709260,17154348
China,338,"Doz M&B KNIT SHIRTS, COTTON",DOZ,2021,1,1319800,40352725,7918800
China,338,"Doz M&B KNIT SHIRTS, COTTON",DOZ,2021,2,1160515,38264133,6963090
China,338,"Doz M&B KNIT SHIRTS, COTTON",DOZ,2021,3,1261993,39136589,7571958
China,338,"Doz M&B KNIT SHIRTS, COTTON",DOZ,2021,4,922688,28177548,5536128
China,338,"Doz M&B KNIT SHIRTS, COTTON",DOZ,2021,5,1239766,35739283,7438596
China,338,"Doz M&B KNIT SHIRTS, COTTON",DOZ,2021,6,1748626,53808137,10491756
China,338,"Doz M&B KNIT SHIRTS, COTTON",DOZ,2021,7,1746320,54935156,10477920
China,338,"Doz M&B KNIT SHIRTS, COTTON",DOZ,2021,8,1718533,64443255,10311198
China,338,"Doz M&B KNIT SHIRTS, COTTON",DOZ,2021,9,1848531,70627440,11091186
China,338,"Doz M&B KNIT SHIRTS, COTTON",DOZ,2021,10,1648354,71552964,9890124
China,338,"Doz M&B KNIT SHIRTS, COTTON",DOZ,2021,11,1637537,57207956,9825222
China,338,"Doz M&B KNIT SHIRTS, COTTON",DOZ,2021,12,1491287,55027353,8947722
Honduras,338,"Doz M&B KNIT SHIRTS, COTTON",DOZ,2021,1,1292496,35064786,7754976
Honduras,338,"Doz M&B KNIT SHIRTS, COTTON",DOZ,2021,2,1822444,50389161,10934664
Honduras,338,"Doz M&B KNIT SHIRTS, COTTON",DOZ,2021,3,2347396,61089586,14084376
Honduras,338,"Doz M&B KNIT SHIRTS, COTTON",DOZ,2021,4,2041448,55006789,12248688
Honduras,338,"Doz M&B KNIT SHIRTS, COTTON",DOZ,2021,5,2272094,61423456,13632564
Honduras,338,"Doz M&B KNIT SHIRTS, COTTON",DOZ,2021,6,2436436,69451646,14618616
Honduras,338,"Doz M&B KNIT SHIRTS, COTTON",DOZ,2021,7,2509538,68941400,15057228
Honduras,338,"Doz M&B KNIT SHIRTS, COTTON",DOZ,2021,8,2255880,64158198,13535280
Honduras,338,"Doz M&B KNIT SHIRTS, COTTON",DOZ,2021,9,2283156,66251532,13698936
Honduras,338,"Doz M&B KNIT SHIRTS, COTTON",DOZ,2021,10,2151353,60965686,12908118
Honduras,338,"Doz M&B KNIT SHIRTS, COTTON",DOZ,2021,11,2268896,66633482,13613376
Honduras,338,"Doz M&B KNIT SHIRTS, COTTON",DOZ,2021,12,2200381,62613225,13202286
India,338,"Doz M&B KNIT SHIRTS, COTTON",DOZ,2021,1,1504786,45725899,9028716
India,338,"Doz M&B KNIT SHIRTS, COTTON",DOZ,2021,2,1371242,37928367,8227452
India,338,"Doz M&B KNIT SHIRTS, COTTON",DOZ,2021,3,1822348,52580333,10934088
India,338,"Doz M&B KNIT SHIRTS, COTTON",DOZ,2021,4,1597147,46567200,9582882
India,338,"Doz M&B KNIT SHIRTS, COTTON",DOZ,2021,5,2097427,61942653,12584562
India,338,"Doz M&B KNIT SHIRTS, COTTON",DOZ,2021,6,1481119,43194230,8886714
India,338,"Doz M&B KNIT SHIRTS, COTTON",DOZ,2021,7,1139946,42141501,6839676
India,338,"Doz M&B KNIT SHIRTS, COTTON",DOZ,2021,8,1444951,56631977,8669706
India,338,"Doz M&B KNIT SHIRTS, COTTON",DOZ,2021,9,1532568,61654842,9195408
India,338,"Doz M&B KNIT SHIRTS, COTTON",DOZ,2021,10,1759711,66015907,10558266
India,338,"Doz M&B KNIT SHIRTS, COTTON",DOZ,2021,11,1853607,60840818,11121642
India,338,"Doz M&B KNIT SHIRTS, COTTON",DOZ,2021,12,2028633,63081563,12171798
Nicaragua,338,"Doz M&B KNIT SHIRTS, COTTON",DOZ,2021,1,1390570,27727948,8343420
Nicaragua,338,"Doz M&B KNIT SHIRTS, COTTON",DOZ,2021,2,1537811,30057181,9226866
Nicaragua,338,"Doz M&B KNIT SHIRTS, COTTON",DOZ,2021,3,2078984,42243344,12473904
Nicaragua,338,"Doz M&B KNIT SHIRTS, COTTON",DOZ,2021,4,1704176,34212853,10225056
Nicaragua,338,"Doz M&B KNIT SHIRTS, COTTON",DOZ,2021,5,1584931,31785352,9509586
Nicaragua,338,"Doz M&B KNIT SHIRTS, COTTON",DOZ,2021,6,1860811,38441091,11164866
Nicaragua,338,"Doz M&B KNIT SHIRTS, COTTON",DOZ,2021,7,2341866,50159005,14051196
Nicaragua,338,"Doz M&B KNIT SHIRTS, COTTON",DOZ,2021,8,2067156,44353826,12402936
Nicaragua,338,"Doz M&B KNIT SHIRTS, COTTON",DOZ,2021,9,1555237,36139741,9331422
Nicaragua,338,"Doz M&B KNIT SHIRTS, COTTON",DOZ,2021,10,1302558,30318313,7815348
Nicaragua,338,"Doz M&B KNIT SHIRTS, COTTON",DOZ,2021,11,1553098,31595025,9318588
Nicaragua,338,"Doz M&B KNIT SHIRTS, COTTON",DOZ,2021,12,1491708,28259099,8950248
Vietnam,338,"Doz M&B KNIT SHIRTS, COTTON",DOZ,2021,1,1288684,59120669,7732104
Vietnam,338,"Doz M&B KNIT SHIRTS, COTTON",DOZ,2021,2,1419366,56774575,8516196
Vietnam,338,"Doz M&B KNIT SHIRTS, COTTON",DOZ,2021,3,1986981,76237404,11921886
Vietnam,338,"Doz M&B KNIT SHIRTS, COTTON",DOZ,2021,4,1763593,67171955,10581558
Vietnam,338,"Doz M&B KNIT SHIRTS, COTTON",DOZ,2021,5,1991477,86207083,11948862
Vietnam,338,"Doz M&B KNIT SHIRTS, COTTON",DOZ,2021,6,1816003,86701741,10896018
Vietnam,338,"Doz M&B KNIT SHIRTS, COTTON",DOZ,2021,7,1756444,93367349,10538664
Vietnam,338,"Doz M&B KNIT SHIRTS, COTTON",DOZ,2021,8,1859601,105732675,11157606
Vietnam,338,"Doz M&B KNIT SHIRTS, COTTON",DOZ,2021,9,1498163,94258385,8988978
Vietnam,338,"Doz M&B KNIT SHIRTS, COTTON",DOZ,2021,10,1352724,81139850,8116344
Vietnam,338,"Doz M&B KNIT SHIRTS, COTTON",DOZ,2021,11,1371766,72647795,8230596
Vietnam,338,"Doz M&B KNIT SHIRTS, COTTON",DOZ,2021,12,1249878,71450757,7499268
Bangladesh,338,"Doz M&B KNIT SHIRTS, COTTON",DOZ,2020,1,1700737,39969714,10204422
Bangladesh,338,"Doz M&B KNIT SHIRTS, COTTON",DOZ,2020,2,1224594,29059934,7347564
Bangladesh,338,"Doz M&B KNIT SHIRTS, COTTON",DOZ,2020,3,1277906,29544026,7667436
Bangladesh,338,"Doz M&B KNIT SHIRTS, COTTON",DOZ,2020,4,960576,21872598,5763456
Bangladesh,338,"Doz M&B KNIT SHIRTS, COTTON",DOZ,2020,5,538927,12064024,3233562
Bangladesh,338,"Doz M&B KNIT SHIRTS, COTTON",DOZ,2020,6,538907,14328025,3233442
Bangladesh,338,"Doz M&B KNIT SHIRTS, COTTON",DOZ,2020,7,868946,24090889,5213676
Bangladesh,338,"Doz M&B KNIT SHIRTS, COTTON",DOZ,2020,8,1228014,37456529,7368084
Bangladesh,338,"Doz M&B KNIT SHIRTS, COTTON",DOZ,2020,9,950568,29727027,5703408
Bangladesh,338,"Doz M&B KNIT SHIRTS, COTTON",DOZ,2020,10,1226608,38430048,7359648
Bangladesh,338,"Doz M&B KNIT SHIRTS, COTTON",DOZ,2020,11,1143568,30568321,6861408
Bangladesh,338,"Doz M&B KNIT SHIRTS, COTTON",DOZ,2020,12,1404805,29359725,8428830
China,338,"Doz M&B KNIT SHIRTS, COTTON",DOZ,2020,1,1183675,41804442,7102050
China,338,"Doz M&B KNIT SHIRTS, COTTON",DOZ,2020,2,801251,28517311,4807506
China,338,"Doz M&B KNIT SHIRTS, COTTON",DOZ,2020,3,460781,17410307,2764686
China,338,"Doz M&B KNIT SHIRTS, COTTON",DOZ,2020,4,622136,20213799,3732816
China,338,"Doz M&B KNIT SHIRTS, COTTON",DOZ,2020,5,539542,21449361,3237252
China,338,"Doz M&B KNIT SHIRTS, COTTON",DOZ,2020,6,1052020,37382948,6312120
China,338,"Doz M&B KNIT SHIRTS, COTTON",DOZ,2020,7,1314955,44936851,7889730
China,338,"Doz M&B KNIT SHIRTS, COTTON",DOZ,2020,8,1477183,54434474,8863098
China,338,"Doz M&B KNIT SHIRTS, COTTON",DOZ,2020,9,1286315,47222918,7717890
China,338,"Doz M&B KNIT SHIRTS, COTTON",DOZ,2020,10,1521395,53584003,9128370
China,338,"Doz M&B KNIT SHIRTS, COTTON",DOZ,2020,11,1171703,44454686,7030218
China,338,"Doz M&B KNIT SHIRTS, COTTON",DOZ,2020,12,1051667,35583326,6310002
Honduras,338,"Doz M&B KNIT SHIRTS, COTTON",DOZ,2020,1,1646934,41848143,9881604
Honduras,338,"Doz M&B KNIT SHIRTS, COTTON",DOZ,2020,2,2475205,60252787,14851230
Honduras,338,"Doz M&B KNIT SHIRTS, COTTON",DOZ,2020,3,2170015,50748633,13020090
Honduras,338,"Doz M&B KNIT SHIRTS, COTTON",DOZ,2020,4,97318,2969752,583908
Honduras,338,"Doz M&B KNIT SHIRTS, COTTON",DOZ,2020,5,166626,5891853,999756
Honduras,338,"Doz M&B KNIT SHIRTS, COTTON",DOZ,2020,6,488377,13832534,2930262
Honduras,338,"Doz M&B KNIT SHIRTS, COTTON",DOZ,2020,7,1164174,34806186,6985044
Honduras,338,"Doz M&B KNIT SHIRTS, COTTON",DOZ,2020,8,1672410,48251314,10034460
Honduras,338,"Doz M&B KNIT SHIRTS, COTTON",DOZ,2020,9,2092363,56107295,12554178
Honduras,338,"Doz M&B KNIT SHIRTS, COTTON",DOZ,2020,10,2691871,68798371,16151226
Honduras,338,"Doz M&B KNIT SHIRTS, COTTON",DOZ,2020,11,1560561,39380433,9363366
Honduras,338,"Doz M&B KNIT SHIRTS, COTTON",DOZ,2020,12,1572945,41535669,9437670
India,338,"Doz M&B KNIT SHIRTS, COTTON",DOZ,2020,1,1428188,53252446,8569128
India,338,"Doz M&B KNIT SHIRTS, COTTON",DOZ,2020,2,1286595,45716128,7719570
India,338,"Doz M&B KNIT SHIRTS, COTTON",DOZ,2020,3,1416616,48087981,8499696
India,338,"Doz M&B KNIT SHIRTS, COTTON",DOZ,2020,4,1414635,43889250,8487810
India,338,"Doz M&B KNIT SHIRTS, COTTON",DOZ,2020,5,220225,7946260,1321350
India,338,"Doz M&B KNIT SHIRTS, COTTON",DOZ,2020,6,340567,11160665,2043402
India,338,"Doz M&B KNIT SHIRTS, COTTON",DOZ,2020,7,810391,28557281,4862346
India,338,"Doz M&B KNIT SHIRTS, COTTON",DOZ,2020,8,1314875,42933447,7889250
India,338,"Doz M&B KNIT SHIRTS, COTTON",DOZ,2020,9,1284980,46019929,7709880
India,338,"Doz M&B KNIT SHIRTS, COTTON",DOZ,2020,10,1417525,51791562,8505150
India,338,"Doz M&B KNIT SHIRTS, COTTON",DOZ,2020,11,1391636,37540000,8349816
India,338,"Doz M&B KNIT SHIRTS, COTTON",DOZ,2020,12,957714,26097629,5746284
Nicaragua,338,"Doz M&B KNIT SHIRTS, COTTON",DOZ,2020,1,1393006,28932990,8358036
Nicaragua,338,"Doz M&B KNIT SHIRTS, COTTON",DOZ,2020,2,1634434,31276795,9806604
Nicaragua,338,"Doz M&B KNIT SHIRTS, COTTON",DOZ,2020,3,1607539,30059778,9645234
Nicaragua,338,"Doz M&B KNIT SHIRTS, COTTON",DOZ,2020,4,478091,9423227,2868546
Nicaragua,338,"Doz M&B KNIT SHIRTS, COTTON",DOZ,2020,5,191845,5263866,1151070
Nicaragua,338,"Doz M&B KNIT SHIRTS, COTTON",DOZ,2020,6,796636,18350751,4779816
Nicaragua,338,"Doz M&B KNIT SHIRTS, COTTON",DOZ,2020,7,1185097,26532151,7110582
Nicaragua,338,"Doz M&B KNIT SHIRTS, COTTON",DOZ,2020,8,1574125,30746048,9444750
Nicaragua,338,"Doz M&B KNIT SHIRTS, COTTON",DOZ,2020,9,1580975,32613643,9485850
Nicaragua,338,"Doz M&B KNIT SHIRTS, COTTON",DOZ,2020,10,2187774,46184991,13126644
Nicaragua,338,"Doz M&B KNIT SHIRTS, COTTON",DOZ,2020,11,1475187,31308566,8851122
Nicaragua,338,"Doz M&B KNIT SHIRTS, COTTON",DOZ,2020,12,1220048,25958313,7320288
Vietnam,338,"Doz M&B KNIT SHIRTS, COTTON",DOZ,2020,1,1623712,79986283,9742272
Vietnam,338,"Doz M&B KNIT SHIRTS, COTTON",DOZ,2020,2,1238519,53963797,7431114
Vietnam,338,"Doz M&B KNIT SHIRTS, COTTON",DOZ,2020,3,1517435,61688922,9104610
Vietnam,338,"Doz M&B KNIT SHIRTS, COTTON",DOZ,2020,4,1465128,65177831,8790768
Vietnam,338,"Doz M&B KNIT SHIRTS, COTTON",DOZ,2020,5,720616,37689907,4323696
Vietnam,338,"Doz M&B KNIT SHIRTS, COTTON",DOZ,2020,6,1058711,52214694,6352266
Vietnam,338,"Doz M&B KNIT SHIRTS, COTTON",DOZ,2020,7,1911696,94526537,11470176
Vietnam,338,"Doz M&B KNIT SHIRTS, COTTON",DOZ,2020,8,1639512,84247935,9837072
Vietnam,338,"Doz M&B KNIT SHIRTS, COTTON",DOZ,2020,9,1675777,88383693,10054662
Vietnam,338,"Doz M&B KNIT SHIRTS, COTTON",DOZ,2020,10,1791157,93481711,10746942
Vietnam,338,"Doz M&B KNIT SHIRTS, COTTON",DOZ,2020,11,1668572,78575831,10011432
Vietnam,338,"Doz M&B KNIT SHIRTS, COTTON",DOZ,2020,12,1183117,58099574,7098702
